,Titel
0,"5 Gründe, warum die Serie «Babylon Berlin» total begeistert"
1,Babylon Berlin (Folge 1/16)
2,Kann man «Babylon Berlin» auch zeitversetzt schauen?
3,Charles Aznavour ist tot
4,CEO von Juventus geht – Gerüchte um Zidane mehren sich
5,Roman Bürki: Vom Risikofaktor zum Bollwerk
6,"Slapstick, Sixpack, Sonntagsschuss!"
7,Nobelpreis für Meilenstein im Kampf gegen Krebs
8,Beschuldigte weisen alle Vorwürfe zurück
9,Die grosse Vorfreude auf die «Menschenwand»
10,Traumlos für FCZ-Frauen
11,Italien kandidiert nun doch für 2026
12,Mit diesen Tipps wirst du Pilzsammler-Pro
13,Augen auf beim Pilze sammeln
14,Wie der Heisshunger der Amerikaner die Donuts löcherte
15,Wieviel Gentechnik steckt in unserem Essen?
16,Fast Food erster Güte: French Toast mit Etivaz
17,Digitale Entgiftung wird uns nicht heilen
18,Legt das Handy weg!
19,"Lass dich drücken, Dummerchen"
20,Mit Ursula Brunner bekam das Elend am Platzspitz ein Gesicht
21,Zürich Junkietown
22,Grand Tour der Schweiz: Von Zürich ins Berner Oberland
23,Grand Tour der Schweiz: Vom Jura bis ins Wallis
24,Vor 50 Jahren wurde das Schweizer Fernsehen farbig
25,Es werde Farbe! – 50 Jahre Farbfernsehen
26,Max Hubacher über seine Rolle als psychisch Kranker
27,Der Mensch hinter dem «Mitternachtsmörder»
28,«Subito – Das Sofortbild»: Polaroid ist zurück – auch im Kino!
29,"«Ich bin es gewohnt, dass mich Menschen komisch anschauen!»"
30,"«Ich sehe immer nur Ärsche, Beine und Füsse»"
31,Von diesem Georgier kriege ich den Flattermann
32,Wegen «Marlène» bleibt Philippe Djian Kult für mich!
33,"Wo Tomb Raider drauf steht, ist Lara Croft drin"
34,Das beste Spider-Man-Spiel aller Zeiten
35,«Retimed»: Dieses Schweizer Game begeistert alle
36,"Wettbewerb ""Die ideale Sekretärin"" (1969)"
37,Touristen reisen durch die Schweiz in zwei Tagen (1970)
38,Feriensportlager in Fiesch (1987)
39,Babylon Berlin (Folge 1/16)
40,Die höchste Dreiseilbahn der Welt ist eröffnet
41,Lugano trotzt dem FC Basel einen Punkt ab
42,Donald Trump macht eine Liebeserklärung
43,"Tagesschau vom 30.09.2018, 19:30"
44,Die Zahl der Opfer steigt
45,Eindrückliche Bilder in der «Höll» kurz vor dem Ziel
46,Sion ist dank einem Sieg in Luzern nicht mehr das Schlusslicht
47,Meteo am Mittag vom 01.10.2018
48,Tagesschau Mittag vom 01.10.2018
49,Lena - Liebe meines Lebens vom 01.10.2018
50,Drohnen am Frankfurter Nachthimmel
51,Wieso muss der Mensch Wasser trinken?
52,Sanogo: «Wir sind nicht nervös»
53,Fassnacht: «Wir müssen realistisch bleiben.»
54,Die höchste Dreiseilbahn der Welt ist eröffnet
55,Die Zahl der Opfer steigt
56,Babylon Berlin (Folge 1/16)
57,Tagesschau Mittag vom 01.10.2018
58,Sanogo: «Wir sind nicht nervös»
59,Steffi Graf macht den Golden Slam perfekt
60,Fassnacht: «Wir müssen realistisch bleiben.»
